mean,sigma,scale
-0.04620901037138441,0.00028247725482825225,6.293323545217711e-05
-0.04268481832032942,0.00026433483332741024,6.089745016107594e-05
-0.03924140744206261,0.0002545219821814792,5.867771037792121e-05
-0.038023577621687565,0.0002678783281793472,6.173477500603861e-05
-0.03456072410523934,0.00026512471933304283,6.100469463363891e-05
-0.031037028964708092,0.0002873807795885079,6.31362653524615e-05
-0.025237435869104635,0.0002867481586814522,6.442136885356266e-05
-0.02171368500722351,0.0002674920537850043,6.134858662828811e-05
-0.018267445893222826,0.00025420453815853066,5.811651096687264e-05
-0.0170487109980485,0.00026500689563591095,6.0278229767805843e-05
-0.013587533935426397,0.00026070748023273004,5.947531332705491e-05
-0.010064708934571646,0.000283626314820004,6.298262987429854e-05
-0.004254664737333802,0.0002884899659349147,6.522688343216105e-05
-0.0007305132626794953,0.0002640889377844275,6.088912688732127e-05
0.002718573285206262,0.00025247195477385984,5.7295884490106597e-05
0.003917361106650965,0.0002630877328954355,5.957149878685562e-05
0.007387804728955673,0.000265622978065254,6.134953405031844e-05
0.010910289005435048,0.00029104628516124286,6.4683733916412e-05
0.016707865810636213,0.00028403181347864015,6.344863623750393e-05
0.020232416744856013,0.0002617394417867069,5.913239937992989e-05
0.023678486338071795,0.0002558653084469194,5.8685758237874294e-05
0.024904758315851563,0.00026596495731412347,6.0930434684009735e-05
0.02836547374089046,0.00026498888238765173,6.136309859512173e-05
0.0318851324669394,0.0002887882000478915,6.380904566603484e-05
0.03770459239088878,0.000278375059257216,6.214348423018411e-05
0.04121983457114013,0.0002652506354744369,6.0931636669085375e-05
0.04466512328382515,0.0002541552799092548,5.861813558257643e-05
0.04587496832683832,0.0002696130867077938,6.266122492804327e-05
0.04934155815581542,0.0002644747050457494,6.048027334238437e-05
